Class,prefLabel,altLabel,oboe-core:measurementFor,oboe-core:hasMeasurement,exactMatch,broader,computational_entity,closeMatch,relatedMatch,organizedInClass,hascontext,contextof,label,Cites,refers to,has unique identifier,is unique identifier for,has identifier,is identifier for,has annotation,is annotation of,has property,is property of,is specialisation of,is base for,has basis,oboe-core:characteristicFor,oboe-core:ofEntity,oboe-core:hasValue,dcterms:description,rdfs:comment,rdf:datatype,dcterms:created
traits.build-database,traits.build database,traits.build_database,,,,,SIO:SIO_000750,,,,,,,,,,,,,,,,,,,,,,,A database of 13 relational tables build using the {traits.build} R-package for harmonizing trait data.,,,1-Feb-24
traits.build-traits,traits table,traits,,,ets:Traitdata,,SIO:SIO_000754,,ets:MeasurementOrFact; ets:Occurrence,traits.build-database,,,,,,,,,,,,,,,,,,,,A table containing measurements of traits.,Includes information that must be recorded at the Measurement or Observation level.,,1-Feb-24
traits.build-contexts,contexts table,contexts,,,,,SIO:SIO_000754,,,traits.build-database,,,,,,,,,,,,,,,,,,,,"A table containing observations of contextual characteristics associated with information in `traits`. Cross referencing between the two dataframes is possible using combinations of the variables `dataset_id`, `link_id`, and `link_vals`.",,,1-Feb-24
traits.build-locations,locations table,locations,,,,,SIO:SIO_000754,,ets:Occurrence,traits.build-database,,,,,,,,,,,,,,,,,,,,"A table containing observations of location/site characteristics associated with information in `traits`. Cross referencing between the two dataframes is possible using combinations of the variables `dataset_id`, `location_name`.",Includes information about Location properties.,,1-Feb-24
traits.build-identifiers,identifiers,identifiers,,,,,SIO:SIO_000754,,,traits.build-database,,,,,,,,,,,,,,,,,,,,A table containing details on identifiers that cross-references observations between the two dataframes using combinations of the variables `dataset_id` and `observation_id`.,Includes information about specimen identifiers,,8-Jun-25
traits.build-methods,methods table,methods,,,,,SIO:SIO_000754,,ets:MeasurementOrFact,traits.build-database,,,,,,,,,,,,,,,,,,,,"A table containing details on methods with which data were collected, including time frame and source. Cross referencing with the `traits` table is possible using combinations of the variables `dataset_id`, `trait_name`.",,,1-Feb-24
traits.build-excluded_data,excluded data table,excluded_data,,,,,SIO:SIO_000754,,,traits.build-database,,,,,,,,,,,,,,,,,,,,"A table of data that did not pass quality tests and so were excluded from the master dataset. The structure is identical to that presented in the `traits` table, only with an extra column called `error` indicating why the record was excluded. Common reasons are missing_unit_conversions, missing_value, and unsupported_trait_value.",,,1-Feb-24
traits.build-taxonomic_updates,taxonomic updates table,taxonomic_updates,,,,,SIO:SIO_000754,,,traits.build-database,,,,,,,,,,,,,,,,,,,,"A table of all taxonomic changes implemented in the construction of AusTraits. Changes are determined by comparing the originally submitted taxon name against the taxonomic names listed in the taxonomic reference files, best placed in a subfolder in the `config` folder . Cross referencing with the `traits` table is possible using combinations of the variables `dataset_id` and `taxon_name`.",,,1-Feb-24
traits.build-taxa,taxa table,taxa,,,ets:Taxon,,SIO:SIO_000754,,,traits.build-database,,,,,,,,,,,,,,,,,,,,"A table containing details on taxa associated with information in `traits`. Whenever possible, this information is sourced from curated taxon lists that include identifiers for each taxon. The information compiled in this table is released under a CC-BY3 license. Cross referencing between the two dataframes is possible using combinations of the variable `taxon_name`.",,,1-Feb-24
traits.build-contributors,contributors table,contributors,,,,,SIO:SIO_000754,,,traits.build-database,,,,,,,,,,,,,,,,,,,,A table of people contributing to each study.,,,1-Feb-24
traits.build-sources,sources table,sources,,,,,SIO:SIO_000754,,,traits.build-database,,,,,,,,,,,,,,,,,,,,A list containing citation details for all database sources.,,,1-Feb-24
traits.build-definitions,definitions table,definitions,,,ets:Traitdata,,SIO:SIO_000754,,,traits.build-database,,,,,,,,,,,,,,,,,,,,A list containing trait concept descriptions used to build the database.,,,1-Feb-24
traits.build-schema,schema,schema,,,,,SIO:SIO_001330,,,traits.build-database,,,,,,,,,,,,,,,,,,,,A copy of the schema for all tables and terms. Information included here was used to process data and generate any documentation for the study.,,,1-Feb-24
traits.build-metadata,metadata table,metadata,,,,,SIO:SIO_001330,ets:Metadata,,traits.build-database,,,,,,,,,,,,,,,,,,,,A list containing database metadata.,,,1-Feb-24
traits.build-build_info,build info,build_info,,,,,SIO:SIO_001330,,,traits.build-database,,,,,,,,,,,,,,,,,,,,"A description of the computing environment used to create this version of the dataset, including version number, git commit and R session_info.",,,1-Feb-24
dataset,dataset,dataset,,,oboe-core:ObservationCollection,,SIO:SIO_000750,,,,,,,,,dataset_id,,,,,,,,,,,,,,13 relational tables and lists containing all data about a dataset.,,,1-Feb-24
observation,observation,observation,,,oboe-core:Observation,,SIO:SIO_000754,,,,,,,,,observation_id,,,,,,,,,,,,,,An Observation is a collection of measurements made at a single point in time. In traits.build it is the subset of rows within the traits data that are made on the same entity and share the same observation_id.,"An observation is an assertion that an entity (e.g., biological organisms, geographic locations, or environmental features, among others) was observed by an observer. An observation primarily serves to group a set of measurements together into a single &quot;observation event&quot;. Observations are often made within a broader context. The context of an observation is given by other observations, implying that an observed entity (and specifically each corresponding measurement) contextualizes another observed entity (and its corresponding measurements). For example, an observation associated with a location may serve as context for an observation associated with an organism. In this case, the observed characteristic values of the location (such as humidity) are assumed constant for the corresponding measurements of the organism.",,1-Feb-24
observations_from_dataset,observations from dataset,observations_from_dataset,,trait_measurement; measurement_of_location_property; measurement_of_treatment_context_property; measurement_of_plot_context_property; measurement_of_entity_context_property; measurement_of_temporal_context_property,,oboe-core:ObservationCollection,SIO:SIO_000754,,,,,,,,,dataset_id,,,,,,,,,,,,dataset,,Observation collection encompassing all observations that comprise a dataset.,,,1-Feb-24
observations_from_source,observations from source,observations_from_source,,trait_measurement; measurement_of_location_property; measurement_of_treatment_context_property; measurement_of_plot_context_property; measurement_of_entity_context_property; measurement_of_temporal_context_property,,oboe-core:ObservationCollection,SIO:SIO_000754,,,,,,,,,source_id,,,,,,,,,,,,source_primary_citation,,Observation collection encompassing all observations for a single published or unpublished source.,,,1-Feb-24
observations_of_taxon,observations of taxon,observations_of_taxon,,trait_measurement,,oboe-core:ObservationCollection,SIO:SIO_000754,,,,,,,,,taxon_name,,,,,,,,,,,,taxon,,Observation collection encompassing all observations on a single taxon within a single dataset.,An observation collection is a container for a set of observations.,,1-Feb-24
observations_at_location,observations at location,observations_at_location,,measurement_of_location_property; trait_measurement,,oboe-core:ObservationCollection,SIO:SIO_000754,,,,,,,,,location_id,,,,,,,,,,,,location; population; individual,,Observation collection of location properties and organismal traits at a single location.,,,1-Feb-24
observation_of_location,observation of location,observation_of_location,,measurement_of_location_property,,oboe-core:Observation,SIO:SIO_000754,,,,,,,,,location_id,,,,,,,,,,,,location,,Observation of location properties at a single location.,,,1-Feb-24
observations_of_population,observations of population,observations_of_population,,trait_measurement,,oboe-core:ObservationCollection,SIO:SIO_000754,,,,,,,,,population_id,,,,,,,,,,,,population,,Observation collection encompassing all observations on a single population.,,,1-Feb-24
observations_of_individual,observations of individual,observations_of_individual,,trait_measurement,,oboe-core:ObservationCollection,SIO:SIO_000754,,,,,,,,,individual_id,,,,,,,,,,,,individual,,Observation collection encompassing all observations on a single individual.,,,1-Feb-24
observation_of_treatment_context,observation of a treatment context,observation_of_treatment_context,,measurement_of_treatment_context_property,,oboe-core:Observation,SIO:SIO_000754,,,,,,,,,treatment_context_id,,,,,,,,,,,treatment_context_property,treatment,,"Observation where entity is a context indicating experimental manipulations that might affect the trait values measured on an individual, population or species-level entities.","Examples include growing temperature, growing CO2 concentrations, and nutrient amendments.",,1-Feb-24
observation_of_plot_context,observation of plot context,observation_of_plot_context,,measurement_of_plot_context_property,,oboe-core:Observation,SIO:SIO_000754,,,,,,,,,plot_context_id,,,,,,,,,,,plot_context_property,plot,,Observation where entity is a category of context indicating variation across plots at a single location might affect the trait values measured on individual or population-level entities.,,,1-Feb-24
observation_of_entity_context,observation of entity context,observation_of_entity_context,,measurement_of_entity_context_property,,oboe-core:Observation,SIO:SIO_000754,,,,,,,,,entity_context_id,,,,,,,,,,,entity_context_property,individual;  population;  taxon,,"Observation where entity is a category of context indicating repeat observations have been made on an individual, population or species-level entity across time which might affect the entity's measured trait values.",,,1-Feb-24
observation_of_temporal_context,observation of temporal context,observation_of_temporal_context,,measurement_of_temporal_context_property,,oboe-core:Observation,SIO:SIO_000754,,,,,,,,,temporal_context_id,,,,,,,,,,,temporal_context_property,temporal_context,,"Observation where entity is a category of context indicating repeat observations have been made on a plot, which might affect the trait values measured on individual or population-level entities.","Examples of temporal contexts are `sampling season`, `sampling time of day`, and sequential `observation numbers` without any linked categorical description.",,1-Feb-24
measurement,measurement,measurement,,,oboe-core:Measurement,,SIO:SIO_001187,,,,,,,,,,,,,,,,,,,,,,,A measurement is an assertion that a characteristic of an entity had a particular value with respect to an observation event.,,,1-Feb-24
trait_measurement,trait measurement,trait_measurement,observation; observations_from_dataset; observations_from_source; observations_of_taxon; observations_at_location; observations_of_population; observations_of_individual,,,oboe-core:Measurement,SIO:SIO_001187,,,,,,,,,,,,,,,,,,,,,,trait_value,A measurement made on a trait.,,,1-Feb-24
measurement_of_location_property,measurement of location property,measurement_of_location_property,observation_of_location; observations_at_location,,,oboe-core:Measurement,SIO:SIO_001187,,,,,,,,,,,,,,,,,,,,,,locations_value,A measurement made on a location property.,,,1-Feb-24
measurement_of_treatment_context_property,measurement of treatment context property,measurement_of_treatment_context_property,observation_of_treatment_context,,,oboe-core:Measurement,SIO:SIO_001187,,,,,,,,,treatment_context_id,,,,,,,,,,,,,contexts_value,A measurement made on a treatment context property.,,,1-Feb-24
measurement_of_plot_context_property,measurement of plot context property,measurement_of_plot_context_property,observation_of_plot_context,,,oboe-core:Measurement,SIO:SIO_001187,,,,,,,,,plot_context_id,,,,,,,,,,,,,,A measurement made on a plot context property.,,,1-Feb-24
measurement_of_entity_context_property,measurement of entity context property,measurement_of_entity_context_property,observation_of_entity_context,,,oboe-core:Measurement,SIO:SIO_001187,,,,,,,,,entity_context_id,,,,,,,,,,,,,,A measurement made on an entity context property.,,,1-Feb-24
measurement_of_temporal_context_property,measurement of temporal context property,measurement_of_temporal_context_property,observation_of_temporal_context,,,oboe-core:Measurement,SIO:SIO_001187,,,,,,,,,temporal_context_id,,,,,,,,,,,,,,A measurement made on a temporal context property.,,,1-Feb-24
entity,entity,entity,,,oboe-core:Entity,,SIO:SIO_000756,,,,,,,,,,,,,,,,,,,,,,,"An entity is an object (e.g., a tree, a community, an ecological process). Entities constitute the foci of observations, i.e., every observation is of exactly one entity.",,,1-Feb-24
individual,individual,individual,,,obo:OBI_0100026,oboe-core:Entity,SIO:SIO_000756,,,,life_stage,,,,,,,,,,,,,,,,,,,An individual living organism.,,,1-Feb-24
population,population,population,,,obo:PCO_0000001,oboe-core:Entity,SIO:SIO_000756,,,,life_stage,,,,,,,,,,,,,,,,,,,"A collection of organisms, all of the same species, that live in the same place.",,,1-Feb-24
taxon,taxon,taxon,,,,oboe-core:Entity,SIO:SIO_000756,,,,,,,,,,,,,,,,,,,,,,,A circumscribed set of organisms.,,,1-Feb-24
location,location,location,,,dcterms:location,oboe-core:Entity,SIO:SIO_000756,,,,,,,,,location_id,,,,,,,,,,,,,,A spatial region or named place.,,,1-Feb-24
context,context,context,,,,oboe-core:Entity,SIO:SIO_000756,,,,,,,,,,,,,,,,,,,,,,,"The situation within which a trait measurement is made, which can help explain the measured trait value.",,,1-Feb-24
plot,plot context,plot,,,,oboe-core:Entity; traits.build-contexts,SIO:SIO_000756,,,,,,,,,,,,,,,,,,,,,,,"A subdivision of a location, designated because some properties differ across plots within a location, which might cause differences in measured trait values between plots.",,,1-Feb-24
treatment,treatment context,treatment,,,,oboe-core:Entity; traits.build-contexts,SIO:SIO_000756,,,,,,,,,,,,,,,,,,,,,,,"An experimental manipulation that subjects different individuals or populations to different conditions, which can lead to differences in measured trait values across treatments.",,,1-Feb-24
temporal_context,temporal context,temporal_context,,,,oboe-core:Entity; traits.build-contexts,SIO:SIO_000756,,,,,,,,,,,,,,,,,,,,,,,A situation or process that varies across time and might cause the measured trait values of individuals or populations to change across time.,,,1-Feb-24
method_context,method context,method_context,,,,oboe-core:Entity; traits.build-contexts,SIO:SIO_000756,,,,,,,,,,,,,,,,,,,,,,,A compment of a trait measurement protocol that is changed between individual trait measurements and might cause the measured trait values of individuals or populations to change.,,,1-Feb-24
dataset_id,dataset id,dataset_id,,,,oboe-core:Identifier,SIO:SIO_000757,,,traits.build-traits;  traits.build-locations;  traits.build-contexts;  traits.build-methods;  traits.build-taxonomic_updates;  traits.build-contributors;  traits.build-sources;  traits.build-identifiers,,,,,,,observations_from_dataset,,,,,,,,,,,,,"Primary identifier for each study contributed to AusTraits, most often these are scientific papers, books, or online resources. By default this should be the name of the first author and year of publication, e.g. `Falster_2005`.",,,1-Feb-24
taxon_name,taxon name,taxon_name,,,,rdfs:label; skos:prefLabel,SIO:SIO_000757,dwc:acceptedNameUsage,,traits.build-traits;  traits.build-taxa;  traits.build-taxonomic_updates,,,,,,taxon_id,observations_of_taxon,,,,,taxonomic_dataset; taxon_rank; taxonomic_status,,,,aligned_name; original_name,,,,"Scientific name of the taxon on which traits were sampled, without authorship. When possible, this is the currently accepted (botanical) or valid (zoological) scientific name, but might also be a higher taxonomic level.",,http://www.w3.org/2001/XMLSchema#string,1-Feb-24
observation_id ,observation id,observation_id ,,,,oboe-core:Identifier,SIO:SIO_000757,,,traits.build-traits;  traits.build-identifiers,,,,,,,observation,,,,,,,,,,,,,"A unique integral identifier for the observation, where an observation is all measurements made on an individual at a single point in time. It is important for joining traits coming from the same `observation_id`. Within each dataset, observation_id's are unique combinations of `taxon_name`, `population_id`, `individual_id`, and `temporal_context_id`.",,,1-Feb-24
trait_name,trait name,trait_name,,,skos:altLabel; rdfs:label,,SIO:SIO_000757,,,traits.build-traits;  traits.build-methods;  traits.build-definitions,,,,,,,,,,,,,,,,,,,,Name of the trait sampled. Allowable values specified in the table `definitions`.,,,1-Feb-24
trait_value,value,value,,,ets:traitValue,oboe-core:MeasuredValue; dwc:measurementValue,SIO:SIO_000757,,,traits.build-traits,,,,,,,,,,,,,,,,,,,,The measured value of a trait.,,,1-Feb-24
unit,unit,unit,,,oboe-core:Unit; ets:traitUnit,,SIO:SIO_000757,,,traits.build-traits,,,,,,,,,,,,,,,,,,,,Units of the sampled trait value after aligning with AusTraits standards.,,,1-Feb-24
entity_type,entity type,entity_type,,,,,SIO:SIO_000757,,,traits.build-traits,,oboe-core:Entity,,,,,,,,,,,,,,,,,,A categorical variable specifying the entity corresponding to the trait values recorded.,,http://www.w3.org/2001/XMLSchema#string,1-Feb-24
value_type,value type,value_type,,,oboe-core:BaseCharacteristicQualifier,,SIO:SIO_000757,,,traits.build-traits,,traits.build-trait_value,,,,,,,,,,,,,,,,,,A categorical variable describing the statistical nature of the trait value recorded.,,http://www.w3.org/2001/XMLSchema#string,1-Feb-24
basis_of_value,basis of value,basis_of_value,,,oboe-core:MeasurementType,,SIO:SIO_000757,,,traits.build-traits,,traits.build-trait_value,,,,,,,,,,,,,,,,,,A categorical variable describing how the trait value was obtained.,,http://www.w3.org/2001/XMLSchema#string,1-Feb-24
replicates,replicates,replicates,,,ets:individualCount,,SIO:SIO_000757,,,traits.build-traits,,traits.build-trait_value,,,,,,,,,,,,,,,,,,"Number of replicate measurements that comprise a recorded trait measurement. A numeric value (or range) is ideal and appropriate if the value type is a `mean`, `median`, `min` or  `max`. For these value types, if replication is unknown the entry should be `unknown`. If the value type is `raw_value` the replicate value should be 1. If the trait is categorical or the value indicates a measurement for an entire species (or other taxon) replicate value should be `.na`.",,http://www.w3.org/2001/XMLSchema#int,1-Feb-24
basis_of_record,basis of record,basis_of_record,,,,,SIO:SIO_000757,dwc:basisOfRecord,,traits.build-traits,,oboe-core:Observation,,,,,,,,,,,,,,,,,,A categorical variable specifying from which kind of specimen traits were recorded.,,http://www.w3.org/2001/XMLSchema#string,1-Feb-24
life_stage,life stage,life_stage,,,dwc:lifeStage,oboe-core:MeasuredValue; dwc:measurementValue,SIO:SIO_000757,,,traits.build-traits,,oboe-core:Entity,,,,,,,,,,,,,,,observation_of_entity_context,,,"A field to indicate the life stage or age class of the entity measured. Standard values are `adult`, `sapling`, `seedling` and `juvenile`.",,http://www.w3.org/2001/XMLSchema#string,1-Feb-24
population_id,population id,population_id,,,,oboe-core:Identifier,SIO:SIO_000757,,,traits.build-traits,,,,,,,observations_of_population,,,,,,,,,,,,,"A unique integer identifier for a population, where a population is defined as individuals growing in the same location (location_id /location_name) and plot (plot_context_id, a context category) and being subjected to the same treatment (treatment_context_id, a context category).",,http://www.w3.org/2001/XMLSchema#int,1-Feb-24
individual_id,individual id,individual_id,,,,oboe-core:Identifier,SIO:SIO_000757,,,traits.build-traits,,,,,,,observations_of_individual,,,,,,,,,,,,,"A unique integer identifier for an individual, with individuals numbered sequentially within each dataset by taxon by population grouping. Most often each row of data represents an individual, but in some datasets trait data collected on a single individual is presented across multiple rows of data, such as if the same trait is measured using different methods or the same individual is measured repeatedly across time.",,http://www.w3.org/2001/XMLSchema#int,1-Feb-24
repeat_measurements_id,repeat measurements id,repeat_measurements_id,,,,oboe-core:Identifier,SIO:SIO_000757,,,traits.build-traits,,,,,,,observations_of_individual; collection_date,,,,,,,,,,,,,"A unique integer identifier for repeat measurements of a trait that comprise a single observation, such as a response curve.",,http://www.w3.org/2001/XMLSchema#int,1-Feb-24
source_id,source id,source_id,,,,oboe-core:Identifier,SIO:SIO_000757,,,traits.build-traits;  traits.build-sources,,,,,,,observations_from_source,,,,,,,,,,,,,"For datasets that are compilations, an identifier for the original data source.",,http://www.w3.org/2001/XMLSchema#string,1-Feb-24
location_id,location id,location_id,,,,oboe-core:Identifier,SIO:SIO_000757,,,traits.build-traits;  traits.build-locations,,,,,,,observations_at_location,,,,,,,,,,,,,"A unique integer identifier for a location, with locations numbered sequentially within a dataset. The identifier links to specific information in the location table.",,http://www.w3.org/2001/XMLSchema#int,1-Feb-24
treatment_context_id,treatment context id,treatment_context_id,,,,oboe-core:Identifier,SIO:SIO_000757,,,traits.build-traits;  traits.build-locations,,traits.build-location_name,,,,,measurement_of_treatment_context_property,,,,,,,,,,,,,"A unique integer identifier for a treatment, where a treatment is any experimental manipulation to an organism's growing/living conditions. The identifier links to specific information in the context table.",,http://www.w3.org/2001/XMLSchema#int,1-Feb-24
plot_context_id,plot context id,plot_context_id,,,,oboe-core:Identifier,SIO:SIO_000757,,,traits.build-traits; traits.build-contexts,,traits.build-location_name,,,,,measurement_of_plot_context_property,,,,,,,,,,,,,"A unique integer identifier for a plot, where a plot is a distinct collection of organisms within a single geographic location, such as plants growing on different aspects or blocks in an experiment. The identifier links to specific information in the context table.",,http://www.w3.org/2001/XMLSchema#int,1-Feb-24
entity_context_id,entity context id,entity_context_id,,,,oboe-core:Identifier,SIO:SIO_000757,,,traits.build-traits; traits.build-contexts,,traits.build-traits-entity_type,,,,,measurement_of_entity_context_property,,,,,,,,,,,,,"A unique integer identifier indicating specific contextual properties of an individual, possibly including the individual's sex or caste (for social insects).",,http://www.w3.org/2001/XMLSchema#int,1-Feb-24
temporal_context_id,temporal context id,temporal_context_id,,,,oboe-core:Identifier,SIO:SIO_000757,,,traits.build-traits; traits.build-contexts,,,,,,,measurement_of_temporal_context_property,,,,,,,,,,,,,"A unique integer identifier assigned where repeat observations are made on the same individual (or population, or taxon) across time. The identifier links to specific information in the context table.",,http://www.w3.org/2001/XMLSchema#int,1-Feb-24
method_context_id,method context id,method_context_id,,,,oboe-core:Identifier,SIO:SIO_000757,,,traits.build-traits; traits.build-contexts,,traits.build-methods,,,,,,,,,,,,,,,,,,"A unique integer identifier indicating a trait is measured multiple times on the same entity, with different methods used for each entry. This field is only used if a single trait is measured using multiple methods within the same dataset. The identifier links to specific information in the context table.",,http://www.w3.org/2001/XMLSchema#int,1-Feb-24
collection_date,collection date,collection_date,,,ets:eventDate,oboe-core:MeasuredValue; dwc:measurementValue,SIO:SIO_000757,,,traits.build-traits,,,,,,,,,,,,,,,,,observation,,,"Date sample was taken, in the format `yyyy-mm-dd`, `yyyy-mm` or `yyyy`, depending on the resoluton specified. Alternatively an overall range for the study can be indicating, with the starting and ending sample date sepatated by a `/`, as in 2010-10/2011-03",,http://www.w3.org/2001/XMLSchema#date,1-Feb-24
measurement_remarks,measurement remarks,measurement_remarks,,,,rdfs:comment,SIO:SIO_000757,,,traits.build-traits,,,,,,,,,,,,,,,,,,,,Brief comments or notes accompanying the trait measurement.,,http://www.w3.org/2001/XMLSchema#string,1-Feb-24
method_id,method id,method_id,,,,oboe-core:Identifier,SIO:SIO_000757,,,traits.build-traits;  traits.build-methods,,,,,,,methods_methods,,,,,,,methods_methods,,,,,,A unique integer identifier to distinguish between multiple sets of methods used to measure a single trait within the same dataset. The identifier links to specific information in the methods table.,,http://www.w3.org/2001/XMLSchema#int,1-Feb-24
original_name ,original taxon name,original_name ,,,,rdfs:label; skos:prefLabel,SIO:SIO_000757,,,traits.build-traits;  traits.build-taxonomic_updates,,,,,,,,,,,,,,,,,,,,Name given to taxon in the original data supplied by the authors.,,http://www.w3.org/2001/XMLSchema#string,1-Feb-24
location_name,location name,location_name,,,,rdfs:label; skos:prefLabel,SIO:SIO_000757,,,traits.build-locations,,,,,,,,,,,,,,,,,,,,The location name used by the data contributor or a generic location name designated by AusTraits when one is not provided.,,http://www.w3.org/2001/XMLSchema#string,1-Feb-24
location_property,location property,location_property,,,,oboe-core:Characteristic,SIO:SIO_000757,,,traits.build-locations,,,,,,,,,,,,,,,,,location,,locations_value,"The location characteristic being recorded. The name should include units of measurement, e.g. `MAT (C)`. Ideally we have at least the following variables for each location, `longitude (deg)`, `latitude (deg)`, `description`.",,http://www.w3.org/2001/XMLSchema#string,1-Feb-24
locations_value,location property value,value,,,,oboe-core:MeasuredValue; dwc:measurementValue,SIO:SIO_000757,,,traits.build-locations,,,,,,,,,,,,,,,,,,,,The measured value of a location property.,,http://www.w3.org/2001/XMLSchema#string,1-Feb-24
latitude,latitude (deg),latitude,,,dwc:decimalLatitude,oboe-core:MeasuredValue; dwc:measurementValue,SIO:SIO_000757,,,traits.build-locations,,location,,,,,,,,,,,,location_property,,,location,,,"The geographic latitude (in decimal degrees, using the spatial reference system given in geodeticDatum) of the geographic center of a Location. Positive values are north of the Equator, negative values are south of it. Legal values lie between -90 and 90, inclusive.",,http://www.w3.org/2001/XMLSchema#decimal,1-Feb-24
longitude,longitude (deg),longitude,,,dwc:decimalLongitude,oboe-core:MeasuredValue; dwc:measurementValue,SIO:SIO_000757,,,traits.build-locations,,location,,,,,,,,,,,,location_property,,,location,,,"The geographic longitude (in decimal degrees, using the spatial reference system given in dwc:geodeticDatum) of the geographic center of a dcterms:Location. Positive values are east of the Greenwich Meridian, negative values are west of it. Legal values lie between -180 and 180, inclusive.",,http://www.w3.org/2001/XMLSchema#decimal,1-Feb-24
elevation,elevation (m),elevation,,,dwc:verbatimElevation,oboe-core:MeasuredValue; dwc:measurementValue,SIO:SIO_000757,,,traits.build-locations,,location,,,,,,,,,,,,location_property,,,location,,,The elevation above mean sea level in meters.,,http://www.w3.org/2001/XMLSchema#decimal,1-Feb-24
context_property,context property,context_property,,,contexts_value,oboe-core:Characteristic,SIO:SIO_000757,,,traits.build-contexts,,,,,,,,,,contexts_category,,,,,,,context,,,"The contextual characteristic being recorded. If applicable, name should include units of measurement, e.g. `CO2 concentration (ppm)`.",,http://www.w3.org/2001/XMLSchema#string,1-Feb-24
treatment_context_property,treatment context property,treatment_context_property,,,contexts_value,oboe-core:Characteristic,SIO:SIO_000757,,,traits.build-contexts,,population,,,,treatment_context_id,,,,,,,,context_property,,,,,,A context characteristic indicating stratified treatments that might affect the trait values measured on an individual or population-level entity.,,http://www.w3.org/2001/XMLSchema#string,1-Feb-24
plot_context_property,plot context property,plot_context_property,,,contexts_value,oboe-core:Characteristic,SIO:SIO_000757,,,traits.build-contexts,,population,,,,plot_context_id,,,,,,,,context_property,,,,,,A context characteristic indicating stratified variation within a location that might affect the trait values measured on an individual or population-level entity.,,http://www.w3.org/2001/XMLSchema#string,1-Feb-24
entity_context_property,entity context property,entity_context_property,,,contexts_value,oboe-core:Characteristic,SIO:SIO_000757,,,traits.build-contexts,,entity,,,,entity_context_id,,,,,,,,context_property,,,,,,A context characteristic indicating stratified variation across individuals or populations might affect the trait values measured.,,http://www.w3.org/2001/XMLSchema#string,1-Feb-24
temporal_context_property,temporal context property,temporal_context_property,,,contexts_value,oboe-core:Characteristic,SIO:SIO_000757,,,traits.build-contexts,,observation,,,,temporal_context_id,,,,,,,,context_property,,,,,,A context characteristic indicating stratified variation across time might affect the trait values measured.,,http://www.w3.org/2001/XMLSchema#string,1-Feb-24
method_context_property,method context property,method_context_property,,,contexts_value,oboe-core:Characteristic,SIO:SIO_000757,,,traits.build-contexts,,methods_methods,,,,method_context_id,,,,,,,,context_property,,,,,,A context characteristic indicating stratified variation in the protocol used to measure traits might affect the trait values measured.,,http://www.w3.org/2001/XMLSchema#string,1-Feb-24
contexts_category,context property category,category,,,,skos:scopeNote,SIO:SIO_000757,,,traits.build-contexts,,,,,,,,,,,context_property,,,,,,,,,"The category of context property, with options being `plot`, `treatment`, `individual_context`, `temporal` and `method`.",,http://www.w3.org/2001/XMLSchema#string,1-Feb-24
contexts_value,context property value,value,context_property,,,oboe-core:MeasuredValue; dwc:measurementValue,SIO:SIO_000757,,,traits.build-contexts,,,,,,,,,,,,,,,,,,,,The measured value of a context property.,,http://www.w3.org/2001/XMLSchema#string,1-Feb-24
contexts_description,context property value description,description,,,,dcterms:description,SIO:SIO_000757,,,traits.build-contexts,,,,,context_property,,,,,,,,,,,,,,,Description of a specific context property value.,,http://www.w3.org/2001/XMLSchema#string,1-Feb-24
contexts_link_id,context propety link id,link_id,,,,oboe-core:Identifier,SIO:SIO_000757,,,traits.build-contexts,,,,,treatment_context_id; plot_context_id; entity_context_id; temporal_context_id; method_context_id,,,,,,,,,,,,,,,Variable indicating which identifier column in the traits table contains the specified `link_vals`.,,http://www.w3.org/2001/XMLSchema#int,1-Feb-24
contexts_link_vals,context propety link vals,link_vals,,,,oboe-core:Identifier,SIO:SIO_000757,,,traits.build-contexts,,,,,,,treatment_context_property; plot_context_property; entity_context_property; temporal_context_property; method_context_property ,,,,,,,,,,,,,Unique integer identifiers that link between identifier columns in the `traits` table and the contextual properties/values in the `contexts` table.,,http://www.w3.org/2001/XMLSchema#int,1-Feb-24
identifier_type,identifier type,identifier type,,,,,SIO:SIO_000757,,,traits.build-identifiers,,,,,,,,,,,,,,,,,,,,"The type of identifier whose identifying characters are recorded, referencing globally accepted identifier types.",,http://www.w3.org/2001/XMLSchema#string,8-Jun-25
institution_code,institution code,institution code,,,dcterms:institutionCode,oboe-core:Identifier,SIO:SIO_000757,,,traits.build-identifiers,,,,,,,,,,,,,,,,,,,,The name (or acronym) in use by the institution having custody of the object(s) or information referred to by the identifier value.,,http://www.w3.org/2001/XMLSchema#string,8-Jun-25
identifier_value,identifier value,identifier value,,,,oboe-core:Identifier,SIO:SIO_000757,,,traits.build-identifiers,,,,,,,,,,,,,,,,,,,,A sequence of characters that links an observation within a traits.build database to additional information about observed entity in another database.,,http://www.w3.org/2001/XMLSchema#string,8-Jun-25
methods_methods,methods,methods,,,,oboe-core:Protocol,SIO:SIO_000757,oboe-core:Protocol,,traits.build-methods,,,,,,,,,,,,,,,,,,,,"A textual description of the methods used to collect the trait data. Whenever available, methods are taken near-verbatim from the referenced source. Methods can include descriptions such as 'measured on botanical collections', 'data from the literature', or a detailed description of the field or lab methods used to collect the data.",,http://www.w3.org/2001/XMLSchema#string,1-Feb-24
methods_description,dataset description,description,,,ets:datasetDescription,dcterms:description,SIO:SIO_000757,,,traits.build-methods,,,,,methods_methods,,,,,,,,,,,,,,,A 1-2 sentence description of the purpose of the study.,,http://www.w3.org/2001/XMLSchema#string,1-Feb-24
sampling_strategy,dataset sampling strategy,sampling_strategy,,,dwc:samplingProtocol,,SIO:SIO_000757,,,traits.build-methods,,,,,observations_from_dataset,,,,,,,,,,,,,,,"When available, this information is lifted verbatim from a published manuscript. For preserved specimens, this field ideally indicates which records were 'sampled' to measure a specific trait.",,http://www.w3.org/2001/XMLSchema#string,1-Feb-24
source_primary_key,source primary key,source_primary_key,,,dataset_id,oboe-core:Identifier,SIO:SIO_000757,,,traits.build-methods,,,,,,,source_primary_citation,,,,,,,,,,,,,Citation key for the primary source in `sources`. The key is typically formatted as `Surname_year`.,,http://www.w3.org/2001/XMLSchema#string,1-Feb-24
source_primary_citation,source primary citation,source_primary_citation,,,,dcterms:bibliographic citation,SIO:SIO_000757,,,traits.build-methods,,,,dataset,,source_primary_key,,,,,,,,,,,,,,Citation for the primary source. This detail is generated from the primary source in the metadata.,,http://www.w3.org/2001/XMLSchema#string,1-Feb-24
source_secondary_key,source secondary key,source_secondary_key,,,,oboe-core:Identifier,SIO:SIO_000757,,,traits.build-methods,,,,,,,source_secondary_citation,,,,,,,,,,,,,Citation key for the secondary source in `sources`.  The key is typically formatted as `Surname_year`.,,http://www.w3.org/2001/XMLSchema#string,1-Feb-24
source_secondary_citation,source secondary citation,source_secondary_citation,,,,dcterms:bibliographic citation,SIO:SIO_000757,,,traits.build-methods,,,,dataset,,source_secondary_key,,,,,,,,,,,,,,Citations for the secondary source. This detail is generated from the secondary source in the metadata.,,http://www.w3.org/2001/XMLSchema#string,1-Feb-24
source_original_dataset_key,source original dataset key,source_original_dataset_key,,,source_id,oboe-core:Identifier,SIO:SIO_000757,,,traits.build-methods,,,,,,,source_original_dataset_citation,,,,,,,,,,,,,"Citation key for the original dataset_id in sources, for compilations.  The key is typically formatted as `Surname_year`.",,http://www.w3.org/2001/XMLSchema#string,1-Feb-24
source_original_dataset_citation,source original dataset citation,source_original_dataset_citation,,,,dcterms:bibliographic citation,SIO:SIO_000757,,,traits.build-methods,,,,observations_from_source,,source_original_dataset_key,,,,,,,,,,,,,,"Citations for the original dataset_id in sources, for compilationse. This detail is generated from the original source in the metadata.",,http://www.w3.org/2001/XMLSchema#string,1-Feb-24
contributor,contributor,contributor,,,dcterms:contributor,,SIO:SIO_000757,,,traits.build-contributors;  traits.build-methods,,,,,observations_from_dataset,,,,,,,,,,,,,,,A person contributing to a dataset.,,http://www.w3.org/2001/XMLSchema#string,1-Feb-24
assistants,assistants,assistants,,,gdmt:RelatedPerson,dcterms:contributor,SIO:SIO_000757,,,traits.build-methods,,,,,,,,,,,,,,contributor,,,,,,People who played a more minor role in data collection for the study.,,http://www.w3.org/2001/XMLSchema#string,1-Feb-24
dataset_curators,dataset curators,dataset_curators,,,gdmt:DataCurator,dcterms:contributor,SIO:SIO_000757,,,traits.build-methods,,,,,,,,,,,,,,contributor,,,,,,Database team member(s) who contacted the data collectors and added the study to the database repository.,,http://www.w3.org/2001/XMLSchema#string,1-Feb-24
data_collectors,data collectors,data_collectors,,,gdmt:DataCollector,dcterms:contributor,SIO:SIO_000757,,,traits.build-contributors;  traits.build-methods,,,,,,ORCID;  given_name;  last_name,,,,affiliation;  additional_role,,,,contributor,,,,,,Person contributing to a dataset as a data collector.,,http://www.w3.org/2001/XMLSchema#string,1-Feb-24
last_name,last name,last_name,,,obo:IAO_0020017,oboe-core:Identifier,SIO:SIO_000757,,,traits.build-contributors,,,,,,,contributor,,,,,,,,,,,,,Last name of the data collector.,,http://www.w3.org/2001/XMLSchema#Name,1-Feb-24
given_name,given name,given_name,,,obo:IAO_0020016,oboe-core:Identifier,SIO:SIO_000757,,,traits.build-contributors,,,,,,,contributor,,,,,,,,,,,,,Given names of the data collector.,,http://www.w3.org/2001/XMLSchema#Name,1-Feb-24
ORCID,ORCID identifier,ORCID,,,obo:IAO_0000708,oboe-core:Identifier,SIO:SIO_000757,,,traits.build-contributors,,,,,,,contributor,,,,,,,,,,,,,"ORCID (Open Researcher and Contributor ID) for the data collector, if available.",,http://www.w3.org/2001/XMLSchema#anyURI,1-Feb-24
affiliation,affiliation,affiliation,,,gdmt:hasContributorAffiliation  ,,SIO:SIO_000757,,,traits.build-contributors,,,,,,,,,,,contributor,,,,,,,,,Affiliation of data collector.,,http://www.w3.org/2001/XMLSchema#string,1-Feb-24
additional_role,additional role,additional_role,,,gdmt:ContributorRole,,SIO:SIO_000757,,,traits.build-contributors,,,,,,,,,,,contributor,,,,,,,,,"Any additional roles the data collector had in the study, a field most frequently used to identify which data contributor is the contact person for the dataset.",,http://www.w3.org/2001/XMLSchema#string,1-Feb-24
taxonomic_dataset,taxonomic dataset,taxonomic_dataset,,,dwc:nomenclaturalCode,,SIO:SIO_000757,,,traits.build-taxa,,,,,,,,,,,,,taxon_name,,,,,,,"Name of the taxonomy (tree) that contains this concept. ie. APC, AusMoss etc.",,http://www.w3.org/2001/XMLSchema#string,1-Feb-24
taxon_rank,taxon rank,taxon_rank,,,dwc:taxonRank,,SIO:SIO_000757,,,traits.build-taxa,,,,,,,,,,,,,taxon_name,,,,,,,The taxonomic rank of the most specific name in the scientific name.,This is to clarify cases where information is not given on a species level.,http://www.w3.org/2001/XMLSchema#string,1-Feb-24
trinomial,trinomial,trinomial,,,,rdfs:label; skos:prefLabel,SIO:SIO_000757,,dwc:infraspecificEpithet,traits.build-taxa,,,,,,,,,taxon,,,,,,,,,,,The infraspecific taxon name match for an original name. This column is assigned `na` for taxon name that are at a broader taxonomic_resolution.,,http://www.w3.org/2001/XMLSchema#string,1-Feb-24
binomial,binomial,binomial,,,,rdfs:label; skos:prefLabel,SIO:SIO_000757,,dwc:specificEpithet,traits.build-taxa,,,,,,,,,taxon,,,,,,,,,,,The species-level taxon name match for an original name. This column is assigned `na` for taxon name that are at a broader taxonomic_resolution.,,http://www.w3.org/2001/XMLSchema#string,1-Feb-24
genus,genus,genus,,,dwc:genus,rdfs:label; skos:prefLabel,SIO:SIO_000757,,,traits.build-taxa,,,,,,,,,taxon,,,,,,,,,,,Genus of the taxon without authorship.,,http://www.w3.org/2001/XMLSchema#string,1-Feb-24
family,family,family,,,dwc:family,rdfs:label; skos:prefLabel,SIO:SIO_000757,,,traits.build-taxa,,,,,,,,,taxon,,,,,,,,,,,Family of the taxon.,,http://www.w3.org/2001/XMLSchema#string,1-Feb-24
taxon_distribution,taxon distribution,taxon_distribution,,,,,SIO:SIO_000757,,,traits.build-taxa,,,,,,,,,,,,,taxon,,,,,,,"Known distribution of the taxon, by Australian state.",,http://www.w3.org/2001/XMLSchema#string,1-Feb-24
establishment_means,establishment means,establishment_means,,,dwc:establishmentMeans,,SIO:SIO_000757,,,traits.build-taxa,,,,,,,,,,,,,taxon,,,,,,,Statement about whether an organism or organisms have been introduced to a given place and time through the direct or indirect activity of modern humans.,,http://www.w3.org/2001/XMLSchema#string,1-Feb-24
taxonomic_status,taxonomic status,taxonomic_status,,,dwc:taxonomicStatus,,SIO:SIO_000757,,,traits.build-taxa,,,,,,,,,,,,,taxon_name,,,,,,,The status of the use of the scientificName as a label for the taxon in regard to the 'accepted (or valid) taxonomy'. The assigned taxonomic status must be linked to a specific taxonomic reference that defines the concept.,,http://www.w3.org/2001/XMLSchema#string,1-Feb-24
scientific_name,scientific name,scientific_name,,,dwc:scientificName,,SIO:SIO_000757,,,traits.build-taxa,,,,,,scientific_name_id,taxon,,,,,,,,,,,,,"The full scientific name, with authorship and date information if known.",,http://www.w3.org/2001/XMLSchema#string,1-Feb-24
taxon_id,taxon id,taxon_id,,,dwc:taxonID,oboe-core:Identifier,SIO:SIO_000757,,,traits.build-taxa,,,,,,,taxon_name,,,,,,,,,,,,,An identifier for the set of taxon information (data associated with the taxon class). May be a global unique identifier or an identifier specific to the data set. Must be resolvable within this dataset.,,http://www.w3.org/2001/XMLSchema#anyURI,1-Feb-24
scientific_name_id,scientific name id,scientific_name_id,,,dwc:scientificNameID,oboe-core:Identifier,SIO:SIO_000757,,,traits.build-taxa,,,,,,,scientific_name,,,,,,,,,,,,,An identifier for the set of taxon information (data associated with the taxon class). May be a global unique identifier or an identifier specific to the data set. Must be resolvable within this dataset.,,http://www.w3.org/2001/XMLSchema#anyURI,1-Feb-24
taxon,taxon,taxon,,,dwc:Taxon,oboe-core:Characteristic,SIO:SIO_000757,,,traits.build-taxa,,,,,,taxon_name; scientific_name; scientific_name_id; taxon_id,,original_name; trinomial; binomial; genus; family,,,,taxon_distribution; establishment_means,,,,,,,,A group of organisms assumed to form a homogeneous unit with regard to associated trait measurements.,,http://www.w3.org/2001/XMLSchema#string,1-Feb-24
aligned_name,aligned name,aligned_name,,,,rdfs:label; skos:prefLabel,SIO:SIO_000757,,,traits.build-taxonomic_updates,,,,,,,,,,,,taxonomic_resolution,,,taxon_name,original_name,,,,"The taxon name without authorship after implementing automated syntax standardisation and spelling changes as well as manually encoded syntax alignments for this taxon in the metadata file for the corresponding `dataset_id`. This name has not yet been matched to the currently accepted (botanical) or valid (zoological) taxon name in cases where there are taxonomic synonyms, isonyms, orthographic variants, etc.",,http://www.w3.org/2001/XMLSchema#string,1-Feb-24
taxonomic_resolution,taxonomic resolution,taxonomic_resolution,,,,,SIO:SIO_000757,,dwc:taxonRank,traits.build-taxonomic_updates,,,,,,,,,,,,,aligned_name,,,,,,,The rank of the most specific taxon name (or scientific name) to which a submitted orignal name resolves.,,http://www.w3.org/2001/XMLSchema#string,1-Feb-24
trait,trait concept,trait,,,oboe-core:Standard,,SIO:SIO_000757,,,traits.build-definitions,,,,,,trait_concept_URI,,,,trait_name;  label,,allowed_values_max;  allowed_values_min;  allowed_values_levels;  units;  type,,,,,,,,"A collection of trait values pertaining to a distinct characteristic of a specific part of an organism (cell, tissue, organ, or whole organism).",,http://www.w3.org/2001/XMLSchema#string,1-Feb-24
trait_concept_URI,trait identifier,trait_concept_URI,,,ets:traitID; dcterms:identifier,,SIO:SIO_000757,,,traits.build-definitions,,,,,,,trait,,,,,,,,,,,,,"Unique identifier of the trait according to a public ontology, or a user-provided thesaurus of traits.",,http://www.w3.org/2001/XMLSchema#anyURI,1-Feb-24
label,label,label,,,rdfs:label; skos:prefLabel; ets:trait,,SIO:SIO_000757,,,traits.build-definitions,,,,,trait,,,,,,,,,,,,,,,A concise English label for the trait.,,http://www.w3.org/2001/XMLSchema#string,1-Feb-24
description,description,description,,,ets:traitDescription; dcterms:description,,SIO:SIO_000757,,,traits.build-definitions,,,,,,,,,,,trait,,,,,,,,,"A short description, generally ranging from 1-3 sentences that clearly indicates the trait’s scope. ",,http://www.w3.org/2001/XMLSchema#string,1-Feb-24
comments,comments,comments,,,rdfs:comment; ets:comments,,SIO:SIO_000757,,,traits.build-definitions,,,,,,,,,,,trait,,,,,,,,,Additional notes about the scope of the trait or acceptable methods. ,,http://www.w3.org/2001/XMLSchema#string,1-Feb-24
allowed_values_max,max allowed values,allowed_values_max,,,ets:maxAllowedValue,,SIO:SIO_000757,,,traits.build-definitions,,,,,,,,,,,,,trait,,,,,,,An upper boundary for accepted numerical values.,,http://www.w3.org/2001/XMLSchema#decimal,1-Feb-24
allowed_values_min,min allowed values,allowed_values_min,,,ets:minAllowedValue,,SIO:SIO_000757,,,traits.build-definitions,,,,,,,,,,,,,trait,,,,,,,A lower boundary for accepted numerical values.,,http://www.w3.org/2001/XMLSchema#decimal,1-Feb-24
units,units,units,,,ets:expectedUnit,,SIO:SIO_000757,,,traits.build-definitions,,,,,,,,,,,,,trait,,,,,,,"The preferred units for the trait, conforming to the Unified Code for Units of Measure (UCUM). There are often two entries for units, one that is a string and the second which links to a units of measurement axiom.",,http://www.w3.org/2001/XMLSchema#string,1-Feb-24
allowed_values_levels,allowed categorical values,allowed_values_levels,,,skos:narrower; ets:factorLevels,,SIO:SIO_000757,,,traits.build-definitions,,,,,,,,,,,,,trait,,,,,,,"Allowed trait values for a categorical trait, including a brief description of the value.",,http://www.w3.org/2001/XMLSchema#string,1-Feb-24
type,type,type,,,ets:valueType,,SIO:SIO_000757,,,traits.build-definitions,,,,,,,,,,,,,trait,,,,,,,"Type of trait, specifying if traits are categorical, numeric, or ordinal.",,http://www.w3.org/2001/XMLSchema#string,1-Feb-24
